query_originale,adresse_normalisee,numero,rue,code_postal,ville,departement,longitude,latitude,score_geocodage,type_site,source,erreur,type_donnee,id_legacy,nom,prenom,email,telephone,date_embauche,Poste,type_contrat,tournee,salaire_brut,reference,designation,description,type,unite,prix_achat_ht,prix_vente_ht,taux_tva,client_id,raison_sociale,client_email,client_telephone,client_adresse,site_id,site_nom,site_adresse,site_ville,site_code_postal,client_created_at,nb_interventions_total,derniere_intervention,date_traitement
20 avenue de la République Paris,20 Avenue de la République 75011 Paris,20.0,Avenue De La République,75011,PARIS,75.0,2.368607,48.866242,0.98,bureau,api_adresse_gouv,,adresse_client,,,,,,,,,,,,,,,,,,,,,,,,,,,,,,,,2026-06-23
15 rue du Commerce Lyon,15 Quai du Commerce 69009 Lyon,15.0,Quai Du Commerce,69009,LYON,69.0,4.811151,45.783104,0.602,commerce,api_adresse_gouv,,adresse_client,,,,,,,,,,,,,,,,,,,,,,,,,,,,,,,,2026-06-23
3 boulevard Gambetta Marseille,3 Boulevard gambetta 13015 Marseille,3.0,Boulevard Gambetta,13015,MARSEILLE,13.0,5.343188,43.373851,0.969,bureau,api_adresse_gouv,,adresse_client,,,,,,,,,,,,,,,,,,,,,,,,,,,,,,,,2026-06-23
10 rue des Fleurs Bordeaux,10 Rue Fleur de Lys 33370 Artigues-près-Bordeaux,10.0,Rue Fleur De Lys,33370,ARTIGUES-PRÈS-BORDEAUX,33.0,-0.481982,44.850078,0.514,entrepot,api_adresse_gouv,,adresse_client,,,,,,,,,,,,,,,,,,,,,,,,,,,,,,,,2026-06-23
25 avenue Jean Jaurès Toulouse,25 Allées Jean Jaurès 31000 Toulouse,25.0,Allées Jean Jaurès,31000,TOULOUSE,31.0,1.449374,43.606553,0.612,bureau,api_adresse_gouv,,adresse_client,,,,,,,,,,,,,,,,,,,,,,,,,,,,,,,,2026-06-23
8 place de la Mairie Nantes,8 Place de la Mairie 77100 Nanteuil-lès-Meaux,8.0,Place De La Mairie,77100,NANTEUIL-LÈS-MEAUX,77.0,2.896658,48.928545,0.643,commerce,api_adresse_gouv,,adresse_client,,,,,,,,,,,,,,,,,,,,,,,,,,,,,,,,2026-06-23
12 rue Victor Hugo Lille,12 Rue Victor Hugo 76170 Lillebonne,12.0,Rue Victor Hugo,76170,LILLEBONNE,76.0,0.536034,49.517861,0.873,bureau,api_adresse_gouv,,adresse_client,,,,,,,,,,,,,,,,,,,,,,,,,,,,,,,,2026-06-23
5 allée des Roses Strasbourg,5 Rue des Roses 67100 Strasbourg,5.0,Rue Des Roses,67100,STRASBOURG,67.0,7.759825,48.568932,0.667,entrepot,api_adresse_gouv,,adresse_client,,,,,,,,,,,,,,,,,,,,,,,,,,,,,,,,2026-06-23
30 rue de la Paix Nice,30 Rue de la Paix 30900 Nîmes,30.0,Rue De La Paix,30900,NÎMES,30.0,4.348297,43.82911,0.714,bureau,api_adresse_gouv,,adresse_client,,,,,,,,,,,,,,,,,,,,,,,,,,,,,,,,2026-06-23
18 boulevard du Général de Gaulle Rennes,18 Rue du Général de Gaulle 29290 Saint-Renan,18.0,Rue Du Général De Gaulle,29290,SAINT-RENAN,29.0,-4.624688,48.431605,0.534,commerce,api_adresse_gouv,,adresse_client,,,,,,,,,,,,,,,,,,,,,,,,,,,,,,,,2026-06-23
,,,,,,,,,,,,,salarie_legacy,EMP0001,Antoine,Guillaume,schmittelise@example.com,04 11 83 38 82,2020-06-14,Agent de nettoyage,CDD,Est,1673.88,,,,,,,,,,,,,,,,,,,,,,2026-06-23
,,,,,,,,,,,,,salarie_legacy,EMP0002,Delahaye,Grégoire,alphonseboulay@example.com,03 67 61 06 15,2017-11-13,Technicien de surface,CDI,Nord,2589.88,,,,,,,,,,,,,,,,,,,,,,2026-06-23
,,,,,,,,,,,,,salarie_legacy,EMP0003,Hardy,Matthieu,roland98@example.org,04 26 52 66 76,2023-05-02,Responsable de secteur,CDD,Sud,3026.99,,,,,,,,,,,,,,,,,,,,,,2026-06-23
,,,,,,,,,,,,,salarie_legacy,EMP0004,Riou,Claude,dorotheemasson@example.com,+3333746805352,2021-05-08,Agent de nettoyage,CDI,Centre,3446.23,,,,,,,,,,,,,,,,,,,,,,2026-06-23
,,,,,,,,,,,,,salarie_legacy,EMP0005,Pineau,Adèle,sophie00@example.org,02 31 56 23 89,2018-03-07,Technicien de surface,CDI,Nord,2822.53,,,,,,,,,,,,,,,,,,,,,,2026-06-23
,,,,,,,,,,,,,salarie_legacy,EMP0006,Boucher,Marine,gaudingeorges@example.com,03 76 70 15 34,2023-05-30,Agent polyvalent,CDI,Centre,2240.36,,,,,,,,,,,,,,,,,,,,,,2026-06-23
,,,,,,,,,,,,,salarie_legacy,EMP0007,Delmas,Corinne,nathalie25@example.org,06 43 65 27 46,2023-01-06,Technicien de surface,CDI,Sud,1989.62,,,,,,,,,,,,,,,,,,,,,,2026-06-23
,,,,,,,,,,,,,salarie_legacy,EMP0008,Buisson,Alexandria,caroline47@example.org,04 63 70 03 67,2020-11-11,Responsable de secteur,CDI,Ouest,1958.1,,,,,,,,,,,,,,,,,,,,,,2026-06-23
,,,,,,,,,,,,,salarie_legacy,EMP0009,Valette,Édith,arnaude79@example.com,+33 (0)1 45 66 16 43,2019-10-17,Chef d'équipe,CDD,Nord,3329.1,,,,,,,,,,,,,,,,,,,,,,2026-06-23
,,,,,,,,,,,,,salarie_legacy,EMP0010,Blanchet,Louise,helene94@example.com,02 78 56 17 96,2020-09-09,Technicien de surface,CDI,Centre,2223.99,,,,,,,,,,,,,,,,,,,,,,2026-06-23
,,,,,,,,,,,,,salarie_legacy,EMP0011,Rey,Antoine,chantalbarthelemy@example.com,03 20 73 91 59,2019-07-12,Chef d'équipe,CDI,Est,1627.06,,,,,,,,,,,,,,,,,,,,,,2026-06-23
,,,,,,,,,,,,,salarie_legacy,EMP0012,Lucas,Claire,beckeralex@example.net,03 73 18 89 72,2023-06-16,Agent de nettoyage,CDI,Nord,2033.65,,,,,,,,,,,,,,,,,,,,,,2026-06-23
,,,,,,,,,,,,,salarie_legacy,EMP0013,Ruiz,Margot,antoine32@example.com,01 70 21 95 19,2023-01-13,Responsable de secteur,CDI,Nord,2515.36,,,,,,,,,,,,,,,,,,,,,,2026-06-23
,,,,,,,,,,,,,salarie_legacy,EMP0014,Lecoq,Marcelle,daviddijoux@example.org,05 31 58 15 28,2024-11-22,Chef d'équipe,CDI,Ouest,3407.0,,,,,,,,,,,,,,,,,,,,,,2026-06-23
,,,,,,,,,,,,,salarie_legacy,EMP0015,Dupuy,Daniel,agathe31@example.net,+33 (0)5 64 82 92 06,2021-08-14,Responsable de secteur,CDI,Sud,2115.03,,,,,,,,,,,,,,,,,,,,,,2026-06-23
,,,,,,,,,,,,,salarie_legacy,EMP0016,Adam,Nath,rollandchristelle@example.net,05 79 82 34 38,2024-07-21,Agent de nettoyage,CDI,,1751.52,,,,,,,,,,,,,,,,,,,,,,2026-06-23
,,,,,,,,,,,,,salarie_legacy,EMP0017,Roger,Stéphane,perrotoceane@example.net,02 29 78 26 02,2017-01-03,Chef d'équipe,CDI,Sud,2879.74,,,,,,,,,,,,,,,,,,,,,,2026-06-23
,,,,,,,,,,,,,salarie_legacy,EMP0018,Riou,Marcel,astridnavarro@example.org,05 24 13 62 18,2020-10-11,Technicien de surface,Interim,,1628.05,,,,,,,,,,,,,,,,,,,,,,2026-06-23
,,,,,,,,,,,,,salarie_legacy,EMP0019,Jacques,Célina,paulineloiseau@example.org,02 57 44 55 84,2024-07-27,Agent de nettoyage,CDI,Sud,3219.27,,,,,,,,,,,,,,,,,,,,,,2026-06-23
,,,,,,,,,,,,,salarie_legacy,EMP0020,Reynaud,Robert,munozalain@example.com,01 82 76 41 85,2020-03-31,Technicien de surface,CDD,Est,2445.95,,,,,,,,,,,,,,,,,,,,,,2026-06-23
,,,,,,,,,,,,,salarie_legacy,EMP0021,Tessier,Frédérique,rmallet@example.org,04 74 59 11 69,2019-11-27,Agent polyvalent,Interim,Sud,2846.73,,,,,,,,,,,,,,,,,,,,,,2026-06-23
,,,,,,,,,,,,,salarie_legacy,EMP0022,Descamps,Patricia,humbertjoseph@example.net,02 52 36 23 34,2022-02-28,Chef d'équipe,CDI,Ouest,2343.76,,,,,,,,,,,,,,,,,,,,,,2026-06-23
,,,,,,,,,,,,,salarie_legacy,EMP0023,Pages,Valentine,lorrainefaivre@example.org,+33 (0)2 85 07 81 00,2022-08-10,Agent de nettoyage,CDI,Sud,1529.52,,,,,,,,,,,,,,,,,,,,,,2026-06-23
,,,,,,,,,,,,,salarie_legacy,EMP0024,Petit,Françoise,lainechantal@example.net,04 87 10 20 59,2021-07-27,Agent polyvalent,CDI,,1617.27,,,,,,,,,,,,,,,,,,,,,,2026-06-23
,,,,,,,,,,,,,salarie_legacy,EMP0025,Blin,Gabrielle,benoitguerin@example.net,05 56 35 23 44,2019-08-14,Technicien de surface,Interim,Sud,1879.8,,,,,,,,,,,,,,,,,,,,,,2026-06-23
,,,,,,,,,,,,,salarie_legacy,EMP0026,Lombard,Luce,aurelie25@example.net,,2024-08-19,Agent de nettoyage,CDI,Nord,3338.77,,,,,,,,,,,,,,,,,,,,,,2026-06-23
,,,,,,,,,,,,,salarie_legacy,EMP0027,Henry,Henri,jules81@example.org,,2025-03-18,Technicien de surface,CDD,Sud,2307.55,,,,,,,,,,,,,,,,,,,,,,2026-06-23
,,,,,,,,,,,,,salarie_legacy,EMP0028,Antoine,Denise,leonriou@example.net,05 47 23 29 55,2017-11-15,Technicien de surface,CDI,Sud,2021.53,,,,,,,,,,,,,,,,,,,,,,2026-06-23
,,,,,,,,,,,,,salarie_legacy,EMP0029,Gonzalez,Alain,adriennerenard@example.org,04 92 83 93 07,2016-10-07,Agent polyvalent,CDD,Centre,1645.09,,,,,,,,,,,,,,,,,,,,,,2026-06-23
,,,,,,,,,,,,,salarie_legacy,EMP0030,Maillot,Henri,fdelorme@example.com,02 54 52 90 60,2020-09-22,Technicien de surface,CDI,Ouest,3261.73,,,,,,,,,,,,,,,,,,,,,,2026-06-23
,,,,,,,,,,,,,salarie_legacy,EMP0031,Techer,Brigitte,gosselinnath@example.net,+3333 (0)1 53 85 46 36,2025-02-10,Technicien de surface,CDI,Centre,2557.88,,,,,,,,,,,,,,,,,,,,,,2026-06-23
,,,,,,,,,,,,,salarie_legacy,EMP0032,Rivière,Éric,mathieuaimee@example.org,+33 (0)1 76 97 56 82,2017-08-24,Responsable de secteur,CDI,Est,2606.45,,,,,,,,,,,,,,,,,,,,,,2026-06-23
,,,,,,,,,,,,,salarie_legacy,EMP0033,Masson,Pénélope,fcarpentier@example.net,+33(0)383740046,2018-03-12,Technicien de surface,CDD,Centre,3192.21,,,,,,,,,,,,,,,,,,,,,,2026-06-23
,,,,,,,,,,,,,salarie_legacy,EMP0034,Merle,Gérard,perrotluce@example.net,04 37 72 57 36,2025-02-12,Chef d'équipe,CDI,Nord,2982.46,,,,,,,,,,,,,,,,,,,,,,2026-06-23
,,,,,,,,,,,,,salarie_legacy,EMP0035,Rémy,Laurence,clebrun@example.com,,2021-08-01,Technicien de surface,CDI,Est,2605.05,,,,,,,,,,,,,,,,,,,,,,2026-06-23
,,,,,,,,,,,,,salarie_legacy,EMP0036,Pinto,Laure,laureguilbert@example.net,03 25 10 25 24,2021-05-01,Chef d'équipe,Interim,Ouest,2619.77,,,,,,,,,,,,,,,,,,,,,,2026-06-23
,,,,,,,,,,,,,salarie_legacy,EMP0037,Lesage,Simone,poiriergeorges@example.org,,2017-06-11,Agent polyvalent,CDD,Est,2164.37,,,,,,,,,,,,,,,,,,,,,,2026-06-23
,,,,,,,,,,,,,salarie_legacy,EMP0038,Roche,Diane,smendes@example.net,+33 (0)4 73 42 58 15,,Agent de nettoyage,Interim,Est,2441.38,,,,,,,,,,,,,,,,,,,,,,2026-06-23
,,,,,,,,,,,,,salarie_legacy,EMP0039,Thibault,Manon,thibaulthamon@example.net,04 58 40 81 80,2024-01-07,Agent de nettoyage,CDD,Ouest,2057.21,,,,,,,,,,,,,,,,,,,,,,2026-06-23
,,,,,,,,,,,,,salarie_legacy,EMP0040,Faivre,Brigitte,oleroux@example.com,03 70 00 58 38,,Technicien de surface,CDI,Sud,3254.08,,,,,,,,,,,,,,,,,,,,,,2026-06-23
,,,,,,,,,,,,,salarie_legacy,EMP0041,Georges,Victor,jeanne07@example.com,03 45 01 08 25,2022-01-25,Technicien de surface,CDI,Sud,2127.35,,,,,,,,,,,,,,,,,,,,,,2026-06-23
,,,,,,,,,,,,,salarie_legacy,EMP0042,Poirier,Valentine,jthierry@example.net,+3333 (0)8 07 49 10 89,,Agent de nettoyage,CDD,Centre,3351.15,,,,,,,,,,,,,,,,,,,,,,2026-06-23
,,,,,,,,,,,,,salarie_legacy,EMP0043,Coste,Manon,bdupuis@example.com,+33 (0)4 23 13 52 63,2025-06-16,Responsable de secteur,CDI,Ouest,3341.54,,,,,,,,,,,,,,,,,,,,,,2026-06-23
,,,,,,,,,,,,,salarie_legacy,EMP0044,Poirier,Mathilde,rene01@example.net,+33 (0)1 43 39 94 47,2019-11-19,Agent polyvalent,Interim,Centre,2608.82,,,,,,,,,,,,,,,,,,,,,,2026-06-23
,,,,,,,,,,,,,salarie_legacy,EMP0045,Thomas,Célina,bmenard@example.com,+33 (0)1 39 93 22 10,2024-01-11,Technicien de surface,CDI,Est,3167.45,,,,,,,,,,,,,,,,,,,,,,2026-06-23
,,,,,,,,,,,,,salarie_legacy,EMP0046,Ribeiro,Alexandre,kgrondin@example.com,03 82 86 30 39,2023-09-03,Agent polyvalent,CDI,Nord,2522.35,,,,,,,,,,,,,,,,,,,,,,2026-06-23
,,,,,,,,,,,,,salarie_legacy,EMP0047,Ledoux,Maurice,jeanceline@example.net,01 73 45 53 67,2018-12-13,Agent de nettoyage,CDI,Nord,2845.59,,,,,,,,,,,,,,,,,,,,,,2026-06-23
,,,,,,,,,,,,,salarie_legacy,EMP0048,Delaunay,Éric,betienne@example.net,+3333 (0)3 20 77 94 07,2017-01-31,Technicien de surface,CDD,,2328.88,,,,,,,,,,,,,,,,,,,,,,2026-06-23
,,,,,,,,,,,,,salarie_legacy,EMP0049,Lévêque,Claire,sschmitt@example.org,04 69 68 46 70,2020-05-26,Chef d'équipe,CDI,Sud,3285.32,,,,,,,,,,,,,,,,,,,,,,2026-06-23
,,,,,,,,,,,,,salarie_legacy,EMP0050,Becker,Amélie,ribeirohugues@example.org,08 03 17 43 81,2016-08-28,Agent de nettoyage,CDI,,1742.72,,,,,,,,,,,,,,,,,,,,,,2026-06-23
,,,,,,,,,,,scraping,,catalogue_produit,,,,,,,,,,,NETT-0001,Détergent Sol,Produit professionnel — A Light in the Attic,produit,L,43.48,62.12,20.0,,,,,,,,,,,,,,2026-06-23
,,,,,,,,,,,scraping,,catalogue_produit,,,,,,,,,,,NETT-0002,Dégraissant Multi-Surfaces,Produit professionnel — Tipping the Velvet,produit,L,45.14,64.49,20.0,,,,,,,,,,,,,,2026-06-23
,,,,,,,,,,,scraping,,catalogue_produit,,,,,,,,,,,NETT-0003,Désinfectant,Produit professionnel — Soumission,produit,L,42.08,60.12,20.0,,,,,,,,,,,,,,2026-06-23
,,,,,,,,,,,scraping,,catalogue_produit,,,,,,,,,,,NETT-0004,Produit Vitres,Produit professionnel — Sharp Objects,produit,L,40.17,57.38,20.0,,,,,,,,,,,,,,2026-06-23
,,,,,,,,,,,scraping,,catalogue_produit,,,,,,,,,,,NETT-0005,Décapant,Produit professionnel — Sapiens: A Brief History of Humankind,produit,L,45.56,65.08,20.0,,,,,,,,,,,,,,2026-06-23
,,,,,,,,,,,scraping,,catalogue_produit,,,,,,,,,,,NETT-0006,Cire Sol,Produit professionnel — The Requiem Red,produit,L,19.03,27.18,20.0,,,,,,,,,,,,,,2026-06-23
,,,,,,,,,,,scraping,,catalogue_produit,,,,,,,,,,,NETT-0007,Nettoyant Sanitaires,Produit professionnel — The Dirty Little Secrets of Getting Your Dream Job,produit,L,28.01,40.01,20.0,,,,,,,,,,,,,,2026-06-23
,,,,,,,,,,,scraping,,catalogue_produit,,,,,,,,,,,NETT-0008,Détartrant,Produit professionnel — The Coming Woman: A Novel Based on the Life of the,produit,L,15.06,21.52,20.0,,,,,,,,,,,,,,2026-06-23
,,,,,,,,,,,scraping,,catalogue_produit,,,,,,,,,,,NETT-0009,Produit Moquette,Produit professionnel — The Boys in the Boat: Nine Americans and Their Epi,produit,L,18.98,27.12,20.0,,,,,,,,,,,,,,2026-06-23
,,,,,,,,,,,scraping,,catalogue_produit,,,,,,,,,,,NETT-0010,Neutralisant Odeurs,Produit professionnel — The Black Maria,produit,L,43.81,62.58,20.0,,,,,,,,,,,,,,2026-06-23
,,,,,,,,,,,scraping,,catalogue_produit,,,,,,,,,,,NETT-0011,Savon Mains Professionnel,"Produit professionnel — Starving Hearts (Triangular Trade Trilogy, #1)",produit,L,11.75,16.79,20.0,,,,,,,,,,,,,,2026-06-23
,,,,,,,,,,,scraping,,catalogue_produit,,,,,,,,,,,NETT-0012,Gel Hydroalcoolique,Produit professionnel — Shakespeare's Sonnets,produit,L,17.35,24.79,20.0,,,,,,,,,,,,,,2026-06-23
,,,,,,,,,,,scraping,,catalogue_produit,,,,,,,,,,,NETT-0013,Balai Serpillière,Produit professionnel — Set Me Free,produit,L,14.66,20.95,20.0,,,,,,,,,,,,,,2026-06-23
,,,,,,,,,,,scraping,,catalogue_produit,,,,,,,,,,,NETT-0014,Raclette Vitre,Produit professionnel — Scott Pilgrim's Precious Little Life (Scott Pilgri,produit,L,43.92,62.75,20.0,,,,,,,,,,,,,,2026-06-23
,,,,,,,,,,,scraping,,catalogue_produit,,,,,,,,,,,NETT-0015,Chariot De Ménage,Produit professionnel — Rip it Up and Start Again,produit,L,29.41,42.02,20.0,,,,,,,,,,,,,,2026-06-23
,,,,,,,,,,,scraping,,catalogue_produit,,,,,,,,,,,NETT-0016,Sac Poubelle 100L,Produit professionnel — Our Band Could Be Your Life: Scenes from the Ameri,produit,u,48.09,68.7,20.0,,,,,,,,,,,,,,2026-06-23
,,,,,,,,,,,scraping,,catalogue_produit,,,,,,,,,,,NETT-0017,Gants Nitrile,Produit professionnel — Olio,produit,u,20.06,28.66,20.0,,,,,,,,,,,,,,2026-06-23
,,,,,,,,,,,scraping,,catalogue_produit,,,,,,,,,,,NETT-0018,Microfibre Sol,Produit professionnel — Mesaerion: The Best Science Fiction Stories 1800-1,produit,L,31.58,45.11,20.0,,,,,,,,,,,,,,2026-06-23
,,,,,,,,,,,scraping,,catalogue_produit,,,,,,,,,,,NETT-0019,Spray Désinfectant,Produit professionnel — Libertarianism for Beginners,produit,L,43.12,61.6,20.0,,,,,,,,,,,,,,2026-06-23
,,,,,,,,,,,scraping,,catalogue_produit,,,,,,,,,,,NETT-0020,Bidon 5L,Produit professionnel — It's Only the Himalayas,produit,L,37.94,54.2,20.0,,,,,,,,,,,,,,2026-06-23
,,,,,,,,,,commerce,simule,,client_nexo,,,,,,,,,,,,,,,,,,,1.0,Vincent Clément Sarl,remy46@gimenez.net,03 57 65 77 03,"7, avenue de Olivier, 19399 ChauvinBourg",10.0,Site Fabre,"39, rue Yves Boutin",Camus,41526,2025-09-22,0.0,,2026-06-23
,,,,,,,,,,entrepot,simule,,client_nexo,,,,,,,,,,,,,,,,,,,2.0,Chevallier S.A.R.L.,michellejoseph@fischer.net,02 90 38 16 15,"rue Pierre Leroy, 20425 Colin-sur-Perrin",20.0,Site Sainte CorinneBourg,"762, boulevard Benoît Guyot",Moreau,54295,2025-03-20,7.0,2026-06-22,2026-06-23
,,,,,,,,,,ecole,simule,,client_nexo,,,,,,,,,,,,,,,,,,,2.0,Chevallier S.A.R.L.,michellejoseph@fischer.net,02 90 38 16 15,"rue Pierre Leroy, 20425 Colin-sur-Perrin",21.0,Site Chauvet-la-Forêt,"17, chemin de Letellier",Saint Honoré,21747,2025-07-24,3.0,2026-06-22,2026-06-23
,,,,,,,,,,bureau,simule,,client_nexo,,,,,,,,,,,,,,,,,,,3.0,Delorme,emiliecarlier@launay.fr,02 43 16 75 24,"chemin Lecoq, 97125 Sainte Juliendan",30.0,Site Sainte Margaret,"22, boulevard Susanne Navarro",Sainte Claudedan,62227,2024-09-07,13.0,2026-06-22,2026-06-23
,,,,,,,,,,entrepot,simule,,client_nexo,,,,,,,,,,,,,,,,,,,4.0,Grenier Jacob S.A.,mjoubert@moreno.com,04 89 57 92 47,"7, rue de Lamy, 30309 Hardy",40.0,Site Garnierboeuf,"16, rue Legrand",Saint Édithville,52567,2025-05-07,2.0,2026-06-22,2026-06-23
,,,,,,,,,,ecole,simule,,client_nexo,,,,,,,,,,,,,,,,,,,5.0,Bonnin Et Fils,francoisbrun@traore.net,+33 (0)1 81 47 96 27,"97, avenue Célina Léger, 56829 Sainte Agatheboeuf",50.0,Site Morin,"6, rue Charrier",Jacquet,31911,2025-01-09,0.0,,2026-06-23
,,,,,,,,,,ecole,simule,,client_nexo,,,,,,,,,,,,,,,,,,,5.0,Bonnin Et Fils,francoisbrun@traore.net,+33 (0)1 81 47 96 27,"97, avenue Célina Léger, 56829 Sainte Agatheboeuf",51.0,Site Fischer,rue Perrot,Légerville,97230,2025-05-02,6.0,2026-06-22,2026-06-23
,,,,,,,,,,hopital,simule,,client_nexo,,,,,,,,,,,,,,,,,,,6.0,Rodrigues Bailly Sarl,merciervalentine@normand.org,+33 (0)2 77 39 62 45,"avenue de Gosselin, 72351 Voisin",60.0,Site Loiseau,"71, chemin de Mendès",Picard-Les-Bains,82270,2024-07-08,7.0,2026-06-22,2026-06-23
,,,,,,,,,,bureau,simule,,client_nexo,,,,,,,,,,,,,,,,,,,6.0,Rodrigues Bailly Sarl,merciervalentine@normand.org,+33 (0)2 77 39 62 45,"avenue de Gosselin, 72351 Voisin",61.0,Site Carlier,"5, avenue Dominique Paris",Sainte Margot-Les-Bains,26308,2024-12-06,8.0,2026-06-22,2026-06-23
,,,,,,,,,,hopital,simule,,client_nexo,,,,,,,,,,,,,,,,,,,6.0,Rodrigues Bailly Sarl,merciervalentine@normand.org,+33 (0)2 77 39 62 45,"avenue de Gosselin, 72351 Voisin",62.0,Site Dos Santos,boulevard Leleu,Saint Adrienne,61270,2025-04-28,5.0,2026-06-22,2026-06-23
,,,,,,,,,,commerce,simule,,client_nexo,,,,,,,,,,,,,,,,,,,6.0,Rodrigues Bailly Sarl,merciervalentine@normand.org,+33 (0)2 77 39 62 45,"avenue de Gosselin, 72351 Voisin",63.0,Site Langlois-la-Forêt,"1, boulevard Bertrand",Rossiville,97227,2025-02-23,10.0,2026-06-22,2026-06-23
,,,,,,,,,,commerce,simule,,client_nexo,,,,,,,,,,,,,,,,,,,7.0,Ferreira,colettedurand@boucher.net,+33 (0)1 64 13 92 47,"36, rue de Perrin, 13937 Sainte Émilie-sur-Mer",70.0,Site Merle,"99, rue de Sauvage",Royer-Sur-Mary,65996,2025-10-13,6.0,2026-06-22,2026-06-23
,,,,,,,,,,bureau,simule,,client_nexo,,,,,,,,,,,,,,,,,,,7.0,Ferreira,colettedurand@boucher.net,+33 (0)1 64 13 92 47,"36, rue de Perrin, 13937 Sainte Émilie-sur-Mer",71.0,Site Clémentdan,"99, avenue de Faivre",Gimenez,80316,2024-09-10,3.0,2026-06-22,2026-06-23
,,,,,,,,,,commerce,simule,,client_nexo,,,,,,,,,,,,,,,,,,,8.0,Fabre Jacquot Sa,arnauddenise@tanguy.net,+33 (0)2 46 41 06 98,"39, boulevard Hervé, 34998 Saint Margot",80.0,Site Perriernec,"82, boulevard Jacquot",Benard,20487,2025-09-10,3.0,2026-06-22,2026-06-23
,,,,,,,,,,ecole,simule,,client_nexo,,,,,,,,,,,,,,,,,,,8.0,Fabre Jacquot Sa,arnauddenise@tanguy.net,+33 (0)2 46 41 06 98,"39, boulevard Hervé, 34998 Saint Margot",81.0,Site Sainte Étiennedan,boulevard Charrier,Cousin,48124,2025-08-14,11.0,2026-06-22,2026-06-23
,,,,,,,,,,bureau,simule,,client_nexo,,,,,,,,,,,,,,,,,,,8.0,Fabre Jacquot Sa,arnauddenise@tanguy.net,+33 (0)2 46 41 06 98,"39, boulevard Hervé, 34998 Saint Margot",82.0,Site Boyer-les-Bains,"692, rue de Baron",Chevalier-Les-Bains,14291,2026-02-17,8.0,2026-06-22,2026-06-23
,,,,,,,,,,ecole,simule,,client_nexo,,,,,,,,,,,,,,,,,,,8.0,Fabre Jacquot Sa,arnauddenise@tanguy.net,+33 (0)2 46 41 06 98,"39, boulevard Hervé, 34998 Saint Margot",83.0,Site RibeiroVille,"11, avenue Fabre",Menardbourg,97248,2025-10-18,14.0,2026-06-22,2026-06-23
,,,,,,,,,,bureau,simule,,client_nexo,,,,,,,,,,,,,,,,,,,9.0,Bruneau Sarl,roussetsophie@fournier.com,05 94 42 39 94,"avenue de Torres, 58849 Georges",90.0,Site Lefort-sur-Menard,"494, rue de Rolland",Milletville,85290,2025-07-03,12.0,2026-06-22,2026-06-23
,,,,,,,,,,ecole,simule,,client_nexo,,,,,,,,,,,,,,,,,,,10.0,Leroy Godard S.A.,jpaul@gerard.fr,03 83 43 08 32,"rue Astrid Mathieu, 19415 Durand-la-Forêt",100.0,Site Sainte Lorraine-les-Bains,"79, boulevard Nicolas Faivre",Sainte Renéedan,67383,2024-10-07,11.0,2026-06-22,2026-06-23
,,,,,,,,,,bureau,simule,,client_nexo,,,,,,,,,,,,,,,,,,,10.0,Leroy Godard S.A.,jpaul@gerard.fr,03 83 43 08 32,"rue Astrid Mathieu, 19415 Durand-la-Forêt",101.0,Site Bouvet-la-Forêt,"41, rue de Hoareau",Laurent,22520,2025-06-16,6.0,2026-06-22,2026-06-23
,,,,,,,,,,entrepot,simule,,client_nexo,,,,,,,,,,,,,,,,,,,10.0,Leroy Godard S.A.,jpaul@gerard.fr,03 83 43 08 32,"rue Astrid Mathieu, 19415 Durand-la-Forêt",102.0,Site Saint Philippeboeuf,chemin Marie Jacob,Ruiz,97320,2024-10-02,1.0,2026-06-22,2026-06-23
,,,,,,,,,,entrepot,simule,,client_nexo,,,,,,,,,,,,,,,,,,,11.0,Joseph,sfrancois@boulay.fr,+33 (0)3 73 46 40 80,"avenue Guibert, 90350 Clément-sur-Mer",110.0,Site Lopez-la-Forêt,"25, avenue Didier",Gilbert,10719,2026-01-02,2.0,2026-06-22,2026-06-23
,,,,,,,,,,hopital,simule,,client_nexo,,,,,,,,,,,,,,,,,,,11.0,Joseph,sfrancois@boulay.fr,+33 (0)3 73 46 40 80,"avenue Guibert, 90350 Clément-sur-Mer",111.0,Site Sainte Capucine-la-Forêt,"42, rue Grégoire",Saint Matthieuville,05910,2024-09-16,3.0,2026-06-22,2026-06-23
,,,,,,,,,,hopital,simule,,client_nexo,,,,,,,,,,,,,,,,,,,11.0,Joseph,sfrancois@boulay.fr,+33 (0)3 73 46 40 80,"avenue Guibert, 90350 Clément-sur-Mer",112.0,Site Saint Christine,"847, avenue de Dupont",Le Goff-Sur-Martinez,77906,2026-01-16,8.0,2026-06-22,2026-06-23
,,,,,,,,,,commerce,simule,,client_nexo,,,,,,,,,,,,,,,,,,,12.0,Jacob,margauxmerle@chauveau.net,03 29 11 18 20,"4, rue Martineau, 11843 Lecomte",120.0,Site Perriernec,"67, avenue de Henry",Saint Patricia,97128,2026-03-09,5.0,2026-06-22,2026-06-23
,,,,,,,,,,entrepot,simule,,client_nexo,,,,,,,,,,,,,,,,,,,12.0,Jacob,margauxmerle@chauveau.net,03 29 11 18 20,"4, rue Martineau, 11843 Lecomte",121.0,Site Gaudin,rue Marguerite Rivière,Pottier-Sur-Marchal,24558,2025-07-06,11.0,2026-06-22,2026-06-23
,,,,,,,,,,bureau,simule,,client_nexo,,,,,,,,,,,,,,,,,,,12.0,Jacob,margauxmerle@chauveau.net,03 29 11 18 20,"4, rue Martineau, 11843 Lecomte",122.0,Site Pages,"62, rue Brigitte Besson",Jacquet,76620,2026-01-04,8.0,2026-06-22,2026-06-23
,,,,,,,,,,entrepot,simule,,client_nexo,,,,,,,,,,,,,,,,,,,13.0,Bègue Devaux S.A.S.,rogermarcelle@gerard.net,01 88 18 75 93,"49, rue Henri Bertrand, 97171 Marchanddan",130.0,Site Martineau,"56, boulevard William Hamon",Chauvetboeuf,33967,2024-11-20,7.0,2026-06-22,2026-06-23
,,,,,,,,,,hopital,simule,,client_nexo,,,,,,,,,,,,,,,,,,,13.0,Bègue Devaux S.A.S.,rogermarcelle@gerard.net,01 88 18 75 93,"49, rue Henri Bertrand, 97171 Marchanddan",131.0,Site Allain-les-Bains,"796, boulevard Guichard",Baron-Les-Bains,20455,2026-02-21,14.0,2026-06-22,2026-06-23
,,,,,,,,,,commerce,simule,,client_nexo,,,,,,,,,,,,,,,,,,,14.0,Moreau Et Fils,descampsemilie@maillot.net,+33 (0)2 61 43 72 98,"98, chemin de Grondin, 58632 Grondinnec",140.0,Site Chrétien,"47, chemin de Garcia",Hardy-Sur-Perrin,76876,2025-11-03,7.0,2026-06-22,2026-06-23
,,,,,,,,,,entrepot,simule,,client_nexo,,,,,,,,,,,,,,,,,,,14.0,Moreau Et Fils,descampsemilie@maillot.net,+33 (0)2 61 43 72 98,"98, chemin de Grondin, 58632 Grondinnec",141.0,Site Neveu,"55, boulevard Danielle Camus",Blanchetboeuf,54367,2026-01-14,1.0,2026-06-22,2026-06-23
,,,,,,,,,,commerce,simule,,client_nexo,,,,,,,,,,,,,,,,,,,14.0,Moreau Et Fils,descampsemilie@maillot.net,+33 (0)2 61 43 72 98,"98, chemin de Grondin, 58632 Grondinnec",142.0,Site Sainte AdrienneVille,"29, boulevard Adrien Cordier",Sainte Véronique,91398,2025-01-23,1.0,2026-06-22,2026-06-23
,,,,,,,,,,bureau,simule,,client_nexo,,,,,,,,,,,,,,,,,,,15.0,Leconte,jeannineleclerc@fischer.com,05 55 79 92 09,"rue Pineau, 41330 BouvierVille",150.0,Site WeissVille,"404, chemin Claudine Moulin",Daniel,46309,2025-08-28,8.0,2026-06-22,2026-06-23
,,,,,,,,,,ecole,simule,,client_nexo,,,,,,,,,,,,,,,,,,,15.0,Leconte,jeannineleclerc@fischer.com,05 55 79 92 09,"rue Pineau, 41330 BouvierVille",151.0,Site Saint Marc,"6, rue Maillet",Rivière,60844,2026-05-13,6.0,2026-06-22,2026-06-23
,,,,,,,,,,entrepot,simule,,client_nexo,,,,,,,,,,,,,,,,,,,15.0,Leconte,jeannineleclerc@fischer.com,05 55 79 92 09,"rue Pineau, 41330 BouvierVille",152.0,Site Pires-sur-Guillot,"34, chemin Descamps",Sainte Andréeville,94674,2024-12-08,10.0,2026-06-22,2026-06-23
,,,,,,,,,,hopital,simule,,client_nexo,,,,,,,,,,,,,,,,,,,15.0,Leconte,jeannineleclerc@fischer.com,05 55 79 92 09,"rue Pineau, 41330 BouvierVille",153.0,Site Fontainedan,rue de Samson,Sainte Agnès,92502,2026-02-14,15.0,2026-06-22,2026-06-23
,,,,,,,,,,commerce,simule,,client_nexo,,,,,,,,,,,,,,,,,,,16.0,Pires,bmillet@jacquot.net,+33 (0)5 87 09 22 07,"5, rue Monnier, 83934 Gimenezdan",160.0,Site Saint Rémy,"204, avenue Chevalier",Saint Antoine,51666,2026-02-09,4.0,2026-06-22,2026-06-23
,,,,,,,,,,entrepot,simule,,client_nexo,,,,,,,,,,,,,,,,,,,16.0,Pires,bmillet@jacquot.net,+33 (0)5 87 09 22 07,"5, rue Monnier, 83934 Gimenezdan",161.0,Site Lesagedan,"83, chemin Leroy",Leroux,65984,2024-08-05,4.0,2026-06-22,2026-06-23
,,,,,,,,,,ecole,simule,,client_nexo,,,,,,,,,,,,,,,,,,,16.0,Pires,bmillet@jacquot.net,+33 (0)5 87 09 22 07,"5, rue Monnier, 83934 Gimenezdan",162.0,Site Blin,"61, boulevard Frédérique Joly",Sainte Étiennebourg,45374,2025-09-20,8.0,2026-06-22,2026-06-23
,,,,,,,,,,ecole,simule,,client_nexo,,,,,,,,,,,,,,,,,,,16.0,Pires,bmillet@jacquot.net,+33 (0)5 87 09 22 07,"5, rue Monnier, 83934 Gimenezdan",163.0,Site Sainte Renéboeuf,chemin Arthur Pruvost,Ollivier-La-Forêt,81182,2025-10-22,13.0,2026-06-22,2026-06-23
,,,,,,,,,,entrepot,simule,,client_nexo,,,,,,,,,,,,,,,,,,,17.0,Cordier Et Fils,pierremoreno@devaux.com,+33 (0)1 48 01 09 92,"avenue Michelle Denis, 04260 Bertrand",170.0,Site Carlier-sur-Roussel,boulevard Hebert,Torresville,52907,2024-09-22,11.0,2026-06-22,2026-06-23
,,,,,,,,,,ecole,simule,,client_nexo,,,,,,,,,,,,,,,,,,,17.0,Cordier Et Fils,pierremoreno@devaux.com,+33 (0)1 48 01 09 92,"avenue Michelle Denis, 04260 Bertrand",171.0,Site Buisson-sur-Gilbert,"66, chemin de Deschamps",Seguinville,90774,2024-08-25,4.0,2026-06-22,2026-06-23
,,,,,,,,,,bureau,simule,,client_nexo,,,,,,,,,,,,,,,,,,,17.0,Cordier Et Fils,pierremoreno@devaux.com,+33 (0)1 48 01 09 92,"avenue Michelle Denis, 04260 Bertrand",172.0,Site Pelletier,"1, rue de Ramos",Sainte Dominique,07329,2026-04-01,15.0,2026-06-22,2026-06-23
,,,,,,,,,,bureau,simule,,client_nexo,,,,,,,,,,,,,,,,,,,17.0,Cordier Et Fils,pierremoreno@devaux.com,+33 (0)1 48 01 09 92,"avenue Michelle Denis, 04260 Bertrand",173.0,Site Klein-sur-Roger,"61, rue Roche",Saint Julien,20895,2025-03-22,1.0,2026-06-22,2026-06-23
,,,,,,,,,,hopital,simule,,client_nexo,,,,,,,,,,,,,,,,,,,18.0,Hamon Sarl,cordieretienne@blanchet.fr,06 48 95 83 68,"avenue Joséphine Colas, 70356 Martineauboeuf",180.0,Site Langlois-sur-Faure,"383, chemin Charles Lopez",Martin,20273,2024-10-24,5.0,2026-06-22,2026-06-23
,,,,,,,,,,hopital,simule,,client_nexo,,,,,,,,,,,,,,,,,,,18.0,Hamon Sarl,cordieretienne@blanchet.fr,06 48 95 83 68,"avenue Joséphine Colas, 70356 Martineauboeuf",181.0,Site Olivier-sur-Giraud,"219, avenue Alexandria Bourgeois",Sainte Astridbourg,02278,2026-01-10,2.0,2026-06-22,2026-06-23
,,,,,,,,,,ecole,simule,,client_nexo,,,,,,,,,,,,,,,,,,,19.0,Gérard,diallolucie@allain.fr,05 62 08 76 26,"25, rue Costa, 93761 Lucas",190.0,Site Vallée-sur-Giraud,rue Marthe Daniel,Hardynec,93602,2025-03-19,14.0,2026-06-22,2026-06-23
,,,,,,,,,,ecole,simule,,client_nexo,,,,,,,,,,,,,,,,,,,19.0,Gérard,diallolucie@allain.fr,05 62 08 76 26,"25, rue Costa, 93761 Lucas",191.0,Site Goncalvesnec,"334, avenue Noémi Gilles",Sainte Sylvie,93957,2026-03-03,8.0,2026-06-22,2026-06-23
,,,,,,,,,,bureau,simule,,client_nexo,,,,,,,,,,,,,,,,,,,19.0,Gérard,diallolucie@allain.fr,05 62 08 76 26,"25, rue Costa, 93761 Lucas",192.0,Site Couturier,"844, avenue de Menard",Ferrand,53577,2024-11-06,0.0,,2026-06-23
,,,,,,,,,,commerce,simule,,client_nexo,,,,,,,,,,,,,,,,,,,19.0,Gérard,diallolucie@allain.fr,05 62 08 76 26,"25, rue Costa, 93761 Lucas",193.0,Site Sainte Léon,"96, avenue Pottier",Barre,18211,2025-11-22,8.0,2026-06-22,2026-06-23
,,,,,,,,,,hopital,simule,,client_nexo,,,,,,,,,,,,,,,,,,,20.0,Barre Sa,aurelievalette@grondin.fr,+33 (0)3 76 86 37 99,"8, boulevard de Marin, 05428 LopezVille",200.0,Site Roux-sur-Olivier,avenue Julie Blanc,Daniel,42275,2025-10-10,9.0,2026-06-22,2026-06-23
